condition,case_id,action_index,predicted_family,action,rationale,audit_id,label,reason
shuffled_rag,iot-v2-006,1,BruteForce,RATE_LIMIT,Reduce the volume of repeated attempts while preserving limited observability.,AE-001,generally_supported,"The excerpts support DoS/resource-exhaustion resistance and delaying state establishment with cookies, which aligns with limiting repeated abusive attempts, but they do not explicitly support rate limiting of brute-force attempts."
shuffled_rag,iot-v2-018,3,Mirai,NOTIFY_OPERATOR,"Escalate promptly because the confidence is high and the gateway scope lacks a validated device identifier, making human validation necessary before stronger containment.",AE-002,unsupported,"The excerpts support continuous monitoring for anomalies and unauthorized activity, but they do not support notifying an operator as the specific action."
rag,iot-v2-005,3,BruteForce,NOTIFY_OPERATOR,Low operational ambiguity remains because the alert is strong but device identity is unverified; operator review is appropriate.,AE-003,unsupported,"The evidence discusses changing authentication values and protecting credentials, not notifying an operator about brute-force activity."
shuffled_rag,iot-v2-029,3,Web,NOTIFY_OPERATOR,Operator review is warranted because the alert is credible but constrained by missing device identity and execution is forbidden.,AE-004,generally_supported,"The excerpts support continuous monitoring, event identification, and device cybersecurity state awareness, which justify operator review/awareness of adverse events, but they do not explicitly recommend notifying an operator."
rag,iot-v2-002,1,Benign,MONITOR,Matches the routing decision and supports continuous observation for deviations from expected activity.,AE-005,directly_supported,"The excerpts explicitly support continuous monitoring for unauthorized activity and deviations from expected activity, which directly matches MONITOR."
rag,iot-v2-012,3,DoS,NOTIFY_OPERATOR,Escalate because the detector confidence is high and the gateway cannot identify a specific device from the CSV features.,AE-006,unsupported,"The excerpts describe DoS/resource-exhaustion attacks and cookie-based defenses, but they do not support notifying an operator because confidence is high or because the device identity cannot be identified."
rag,iot-v2-022,2,Recon,INCREASE_LOGGING,Increase telemetry to support incident validation and correlation for anomalous connection attempts.,AE-007,generally_supported,"The excerpts support continuous monitoring for anomalies and unauthorized activity, which aligns with increasing logging, but they do not explicitly recommend logging as the action."
rag,iot-v2-019,1,Mirai,INCREASE_LOGGING,Collect more evidence because the alert is low confidence and device identity is unvalidated.,AE-008,unsupported,"The evidence discusses interface restriction, access control, and malicious code protection, not increasing logging."
shuffled_rag,iot-v2-032,1,Spoofing,CAPTURE_TRAFFIC,Preserve packet evidence to confirm spoofing indicators and support follow-up analysis.,AE-009,unsupported,"The excerpts discuss validating data input to prevent manipulations and failures, not preserving packets/traffic for spoofing analysis."
rag,iot-v2-032,2,Spoofing,INCREASE_LOGGING,Collect evidence to confirm whether the flow is spoofed or otherwise unauthorized.,AE-010,generally_supported,"The excerpts support requiring authentication and restricting access to interfaces, which aligns with investigating unauthorized access, but they do not specifically support increasing logging."
rag,iot-v2-030,2,Web,CAPTURE_TRAFFIC,Preserve packets for offline review of application-layer content and potential malformed or unexpected inputs.,AE-011,unsupported,"The evidence supports validating unexpected application-layer input over user or network interfaces, not capturing traffic or preserving packets for offline analysis."
shuffled_rag,iot-v2-024,1,Spoofing,INCREASE_LOGGING,Capture richer telemetry around the suspected spoofing-like flow for attribution and validation.,AE-012,unsupported,The cited text is about validating input data and preventing manipulations; it does not support richer telemetry or logging.
shuffled_rag,iot-v2-030,3,Web,NOTIFY_OPERATOR,Human review is appropriate because the alert lacks a validated device identifier and the response is mitigation intent only.,AE-013,generally_supported,"The excerpts support monitoring and accessing device cybersecurity state for authorized entities, which can justify human review of suspicious activity, but they do not specifically support notifying an operator."
shuffled_rag,iot-v2-030,1,Web,INCREASE_LOGGING,Improves forensic visibility for a high-confidence but device-ambiguous web-flow alert.,AE-014,generally_supported,"The cited text supports continuous monitoring and event identification, which aligns with increasing observability/logging, but it does not explicitly mention logging or telemetry expansion."
shuffled_rag,iot-v2-029,1,Web,INCREASE_LOGGING,"Increase observability to validate whether the HTTP flow is expected or indicative of abuse, since device identity is unavailable and the alert is above threshold but not definitive.",AE-015,generally_supported,"The excerpts support continuous monitoring and event identification/monitoring capabilities, which are consistent with increasing logging for visibility, but they do not directly discuss logging."
shuffled_rag,iot-v2-001,3,Benign,NOTIFY_OPERATOR,Provide visibility for review because mitigation intent is non-executing and the scope is limited to an observed flow profile.,AE-016,unsupported,"The cited excerpts discuss authentication value changes and restricting access to interfaces, not notifying an operator or providing visibility for review."
rag,iot-v2-018,1,Mirai,RESTRICT_EGRESS,Contain likely bot-like outbound activity while preserving essential management access.,AE-017,unsupported,"The excerpts support restricting interfaces and services, but they do not justify restricting egress specifically."
shuffled_rag,iot-v2-023,1,Recon,INCREASE_LOGGING,Collect more evidence because the alert confidence is low and the device identity is not validated.,AE-018,unsupported,"The cited excerpts discuss ACLs, authentication, and restricting interfaces, not collecting more evidence or increasing logging due to low-confidence alerts."
rag,iot-v2-018,2,Mirai,CAPTURE_TRAFFIC,Collect evidence to confirm whether the traffic is consistent with Mirai-style scanning or command activity.,AE-019,unsupported,"The excerpts support monitoring and interface restrictions, not capturing traffic."
rag,iot-v2-031,2,Web,CAPTURE_TRAFFIC,Collect packet evidence to determine whether the flow reflects benign web use or malformed/abusive input patterns.,AE-020,unsupported,The evidence concerns input validation to prevent manipulations and failures; it does not support packet capture or traffic collection.
rag,iot-v2-015,1,DoS,NOTIFY_OPERATOR,Routing decision is escalate and confidence is very low; human review is appropriate before containment.,AE-021,unsupported,"The evidence supports DoS detection/defense and managing vulnerabilities, not the specific action of notifying an operator for low confidence or uncertain device identity."
shuffled_rag,iot-v2-015,2,DoS,INCREASE_LOGGING,Improve visibility for correlation and to distinguish DoS from normal traffic variation.,AE-022,unsupported,"The cited text discusses restricting interfaces and access, not increasing logging for DoS visibility or correlation."
shuffled_rag,iot-v2-032,2,Spoofing,INCREASE_LOGGING,Improve visibility into source/destination patterns and any authentication or session anomalies.,AE-023,unsupported,"The excerpts address input validation on interfaces, not improving visibility through logging for spoofing triage."
rag,iot-v2-019,2,Mirai,CAPTURE_TRAFFIC,Preserve traffic samples to confirm whether the behavior matches a botnet-like pattern or benign bursty traffic.,AE-024,unsupported,"The cited material is about access control and malicious code protection, not traffic capture for validation."
shuffled_rag,iot-v2-010,1,DDoS,RATE_LIMIT,Reduce observed burst rate to limit resource exhaustion while preserving visibility.,AE-025,unsupported,"The excerpts support DoS/DDoS resistance and cookies/routability checks, but not the specific action of rate limiting or reducing burst rate."
shuffled_rag,iot-v2-018,2,Mirai,INCREASE_LOGGING,Expand telemetry for the suspicious flow profile to support attribution and identify any spread or command-and-control patterns.,AE-026,unsupported,"The excerpts support continuous monitoring of networks and assets, but not the specific action of increasing logging."
rag,iot-v2-006,2,BruteForce,RATE_LIMIT,Reduce attempt volume while preserving limited connectivity during investigation.,AE-027,generally_supported,"The cited NIST excerpt supports delaying or locking after too many failed authentication attempts, which is directionally related to reducing repeated attempts, but it does not explicitly justify rate limiting."
shuffled_rag,iot-v2-031,3,Web,NOTIFY_OPERATOR,"Routing decision is escalate, and human review is appropriate given the uncertainty and lack of device identity.",AE-028,generally_supported,"The excerpts support monitoring for anomalies and cybersecurity state awareness, which can justify escalation to human review, but they do not explicitly support notifying an operator."
shuffled_rag,iot-v2-014,1,DoS,RATE_LIMIT,Reduce potential flood intensity while preserving limited legitimate traffic.,AE-029,unsupported,"The excerpts support access restriction and defense against resource exhaustion, but they do not justify rate limiting specifically."
rag,iot-v2-026,2,Spoofing,CAPTURE_TRAFFIC,Preserves packet-level evidence to validate whether the traffic is spoofed or otherwise anomalous.,AE-030,generally_supported,"The evidence supports authentication and access restriction for interfaces, which relates to spoofing defense, but not the specific action of capturing traffic."
rag,iot-v2-020,3,Spoofing,NOTIFY_OPERATOR,"The detector already routed the case to escalate, so human review is warranted before stronger containment.",AE-031,generally_supported,"The excerpts support authentication/identification and restricting access, which are compatible with operator review of unauthorized access, but they do not explicitly support notifying an operator."
rag,iot-v2-025,1,Spoofing,INCREASE_LOGGING,Increase visibility to support triage and confirm whether the traffic pattern aligns with spoofed or unauthorized access attempts.,AE-032,generally_supported,"The evidence supports access control and authentication to authorized entities, which is related to assessing spoofed access, but it does not directly justify increased logging."
shuffled_rag,iot-v2-008,1,Benign,MONITOR,"Primary routing decision is monitor, and the alert lacks indicators of active attack behavior.",AE-033,directly_supported,"The excerpts explicitly support continuous monitoring for anomalies, deviations from expected activity, and event identification/monitoring, directly aligning with MONITOR."
rag,iot-v2-014,1,DoS,INCREASE_LOGGING,Capture more detail to confirm whether the bursty high-rate pattern is sustained and to support later containment decisions.,AE-034,unsupported,"The evidence says DoS attacks can be difficult to notice and mentions defensive mechanisms, but it does not support increasing logging to capture more detail."
rag,iot-v2-023,2,Recon,CAPTURE_TRAFFIC,Collect additional evidence to validate whether the observed pattern is probing or normal device behavior.,AE-035,generally_supported,"The evidence supports continuous monitoring of network assets for anomalies, but it does not explicitly support packet capture or traffic preservation as the concrete action."
shuffled_rag,iot-v2-030,2,Web,RATE_LIMIT,Constrains elevated traffic rate while preserving bounded service availability.,AE-036,unsupported,"The excerpts discuss monitoring and event identification, but they do not support rate limiting or constraining traffic volume."
rag,iot-v2-026,1,Spoofing,INCREASE_LOGGING,Improves evidence quality for a suspected spoofing condition without prematurely disrupting service.,AE-037,generally_supported,"The excerpts support authentication and access restrictions, which aligns with spoofing mitigation, but not the specific logging action."
shuffled_rag,iot-v2-012,3,DoS,NOTIFY_OPERATOR,Escalate for human review because the alert is high-confidence but device identity is unvalidated.,AE-038,unsupported,The cited passages do not support operator notification based on unvalidated device identity; they only describe DoS resistance and access control concepts.
shuffled_rag,iot-v2-011,1,DDoS,INCREASE_LOGGING,Collect additional telemetry to validate whether the elevated rate and SYN activity reflect resource-exhaustion behavior.,AE-039,unsupported,"The excerpts discuss detection of attacks and DoS resistance, but do not justify increasing logging or telemetry collection."
rag,iot-v2-011,1,DDoS,INCREASE_LOGGING,Collect more evidence on session patterns and packet mix because current confidence is low.,AE-040,unsupported,"The excerpts establish DDoS risk and general security needs, but do not support the specific action of increasing logging."
shuffled_rag,iot-v2-026,1,Spoofing,INCREASE_LOGGING,Collect additional telemetry to confirm whether the traffic is spoofed and to support later containment decisions.,AE-041,unsupported,"The cited ETSI excerpts concern validating network/user input, not collecting additional telemetry or supporting logging for spoofing."
shuffled_rag,iot-v2-016,3,DDoS,NOTIFY_OPERATOR,Human review is appropriate because device identity is unvalidated and actions are intent-only.,AE-042,unsupported,"The excerpts mention detection/defense and vulnerability reporting processes, but not notifying an operator for this condition."
rag,iot-v2-011,3,DDoS,NOTIFY_OPERATOR,"Routing decision already indicates escalation, and human review is appropriate given uncertainty and lack of device identity.",AE-043,unsupported,"The excerpts describe DDoS and flooding threats, but do not support operator notification as the recommended action."
shuffled_rag,iot-v2-002,1,Benign,MONITOR,Maintain observation because the detector is confident but the flow profile is limited and device identity is unvalidated.,AE-044,directly_supported,"The cited NIST excerpts explicitly support event identification and monitoring and access to cybersecurity state information, which directly supports continued monitoring."
shuffled_rag,iot-v2-004,1,Spoofing,CAPTURE_TRAFFIC,Preserve evidence for verification of spoofed or impersonated traffic patterns.,AE-045,unsupported,The cited ETSI input-validation excerpts do not support packet capture or preserving traffic evidence.
shuffled_rag,iot-v2-007,2,BruteForce,CAPTURE_TRAFFIC,Preserve packet-level evidence for offline validation of repeated attempts or authentication-related exchanges.,AE-046,unsupported,"The excerpts concern DoS/DDoS and cookie-based state delay, not packet capture or traffic preservation."
shuffled_rag,iot-v2-027,3,Spoofing,NOTIFY_OPERATOR,Human review is warranted because confidence is below threshold and the alert is mitigation intent only.,AE-047,unsupported,"The excerpts are about input validation and system manipulation prevention, not operator notification."
shuffled_rag,iot-v2-032,3,Spoofing,NOTIFY_OPERATOR,High-confidence alert warrants human review because device identity is not validated and action is mitigation intent only.,AE-048,unsupported,The cited ETSI text addresses input validation; it does not justify notifying an operator about spoofing.
rag,iot-v2-022,1,Recon,CAPTURE_TRAFFIC,Preserve packet evidence to validate whether the traffic is scan-like or part of an expected service pattern.,AE-049,generally_supported,"The excerpts support monitoring network assets and anomalous activity, which is consistent with traffic capture for validation, but they do not explicitly mention packet capture or preservation."
shuffled_rag,iot-v2-029,2,Web,CAPTURE_TRAFFIC,"Capture limited traffic for offline analysis to confirm request patterns, destinations, and any malicious indicators before stronger containment is applied.",AE-050,generally_supported,"The evidence supports continuous monitoring and event identification/monitoring capabilities, which is directionally consistent with collecting traffic for analysis, but it does not explicitly authorize traffic capture."
shuffled_rag,iot-v2-021,1,Recon,INCREASE_LOGGING,Increase visibility to confirm whether the activity is probe-like and to preserve evidence for operator review.,AE-051,unsupported,"The cited material is about authentication and access control, not increasing visibility or logging to confirm probe-like activity."
rag,iot-v2-008,3,Benign,NOTIFY_OPERATOR,Provides human oversight without disruptive containment for a low-risk alert.,AE-052,generally_supported,"The excerpts support monitoring and authorized access to cybersecurity state information, but they do not specifically justify notifying an operator rather than simply monitoring."
rag,iot-v2-008,1,Benign,MONITOR,Primary response aligned with the detector routing decision and the high-confidence benign classification.,AE-053,directly_supported,"The excerpts explicitly support continuous monitoring for deviations from expected activity and event identification/monitoring, directly supporting MONITOR."
shuffled_rag,iot-v2-023,2,Recon,CAPTURE_TRAFFIC,"Preserve packet-level evidence to confirm whether the traffic pattern reflects benign service discovery, periodic telemetry, or reconnaissance.",AE-054,unsupported,"The RFC excerpt concerns MUD ACL features and allowed actions, not packet capture or preserving traffic evidence."
rag,iot-v2-012,2,DoS,INCREASE_LOGGING,Collect more telemetry to validate whether the pattern is sustained DoS activity and to support operator review.,AE-055,unsupported,"The excerpts discuss DoS/resource exhaustion and return routability checks, not collecting more telemetry or increasing logging."
rag,iot-v2-027,1,Spoofing,CAPTURE_TRAFFIC,Preserve packets/flow evidence for offline validation of the spoofing hypothesis.,AE-056,generally_supported,"RFC 8520 and NIST excerpts support controlling and restricting network access, which is relevant to spoofing defense, but they do not directly support capturing traffic."
rag,iot-v2-010,1,DDoS,RATE_LIMIT,Reduce immediate flood impact while preserving some telemetry for analysis.,AE-057,unsupported,"The excerpts support DDoS/flooding concerns, but do not mention rate limiting or a comparable concrete mechanism."
rag,iot-v2-003,1,Benign,INCREASE_LOGGING,"Increase observability to capture additional context for a low-confidence, non-confirmed event.",AE-058,unsupported,"The evidence supports continuous monitoring and event identification/monitoring, but not the specific action of increasing logging."
rag,iot-v2-010,2,DDoS,CAPTURE_TRAFFIC,Collect packet evidence to confirm attack characteristics and support triage.,AE-059,unsupported,"The excerpts support awareness of DDoS and flooding, but do not justify capturing traffic for analysis."
shuffled_rag,iot-v2-019,1,Mirai,INCREASE_LOGGING,Collect more telemetry because the alert is below confidence threshold and device identity is not validated.,AE-060,unsupported,"The evidence supports monitoring for anomalies and unauthorized activity, but not increasing logging as the concrete action."
rag,iot-v2-001,3,Benign,NOTIFY_OPERATOR,Provides awareness to an operator while keeping the response bounded and non-disruptive.,AE-061,generally_supported,"The excerpts support continuous monitoring and making cybersecurity state information accessible to authorized entities, which is compatible with operator notification, but they do not explicitly support notifying an operator."
shuffled_rag,iot-v2-009,1,DDoS,RATE_LIMIT,Reduce probable flood intensity while preserving limited service availability.,AE-062,unsupported,"The excerpts support DoS resistance and resource-exhaustion concerns, but not rate limiting."
shuffled_rag,iot-v2-025,2,Spoofing,CAPTURE_TRAFFIC,"Preserve packet evidence for offline validation of source behavior, handshake patterns, and potential address impersonation.",AE-063,unsupported,"The excerpts focus on input validation and authentication, not preserving packet evidence for spoofing analysis."
shuffled_rag,iot-v2-025,3,Spoofing,NOTIFY_OPERATOR,Human review is appropriate because mitigation must be gateway-scoped and evidence-based.,AE-064,unsupported,The cited excerpts are unrelated to notifying an operator; they discuss validating input data.
rag,iot-v2-020,1,Spoofing,INCREASE_LOGGING,Collect more evidence because confidence is just below threshold and the alert lacks a validated device identifier.,AE-065,generally_supported,"The evidence supports authentication and restricting access to interfaces, which is relevant to spoofing suspicion, but not specifically increasing logging."
shuffled_rag,iot-v2-001,1,Benign,MONITOR,High-confidence benign classification with no strong malicious signals supports continued observation only.,AE-066,unsupported,"The cited ETSI/NIST excerpts concern authentication, confidentiality, and access restriction, not monitoring for a benign flow."
shuffled_rag,iot-v2-013,3,DoS,NOTIFY_OPERATOR,Human review is warranted because the alert is high-confidence but device identity is unverified.,AE-067,unsupported,"The evidence supports limiting access and preventing external access, but not escalating to a human reviewer because identity is unverified."
rag,iot-v2-021,1,Recon,INCREASE_LOGGING,Increase visibility on the implicated gateway flow profile to capture follow-on indicators and support validation of recon behavior.,AE-068,generally_supported,"The excerpts support continuous monitoring of networks and services for unauthorized or anomalous activity, which is directionally consistent with increasing logging, but not the specific action."
rag,iot-v2-027,2,Spoofing,INCREASE_LOGGING,Collect additional telemetry to distinguish spoofing from benign bursty traffic.,AE-069,generally_supported,"The excerpts support access restriction and ACL-based control of network traffic, which is related to investigating anomalous traffic, but they do not directly justify increasing logging."
shuffled_rag,iot-v2-003,2,Benign,CAPTURE_TRAFFIC,Useful for confirming whether the observed profile is benign or reflects emerging misuse without assuming device identity.,AE-070,unsupported,"The excerpts are about authentication and protecting security parameters, not capturing traffic as evidence or for validation."
shuffled_rag,iot-v2-014,2,DoS,CAPTURE_TRAFFIC,Collect packet-level evidence to validate attack pattern and refine containment without assuming device identity.,AE-071,unsupported,The cited documents do not mention packet capture or traffic collection as a DoS response.
rag,iot-v2-012,1,DoS,RATE_LIMIT,Throttle the suspicious flow profile to reduce service-impact risk while preserving visibility.,AE-072,unsupported,"The excerpts support DoS resistance mechanisms, but not rate limiting as the recommended action."
shuffled_rag,iot-v2-016,2,DDoS,CAPTURE_TRAFFIC,Collect packet/flow evidence to confirm pattern and support incident handling.,AE-073,unsupported,"The excerpts support detecting and defending against DoS/DDoS, but not traffic capture as an incident-handling step."
shuffled_rag,iot-v2-022,3,Recon,NOTIFY_OPERATOR,Operator review is appropriate because the alert is high confidence but device identity is not validated.,AE-074,unsupported,"The evidence addresses authentication and access control requirements, not notifying an operator based on alert confidence or identity validation."
shuffled_rag,iot-v2-012,1,DoS,RATE_LIMIT,Reduce the impact of sustained high-rate traffic while preserving bounded connectivity.,AE-075,unsupported,"The evidence speaks to restricting access to authorized entities and disabling interfaces, not rate limiting sustained traffic."
shuffled_rag,iot-v2-012,2,DoS,INCREASE_LOGGING,Collect additional evidence for validation and attribution since no device identifier is available.,AE-076,unsupported,The excerpts do not support increasing logging for additional evidence or attribution.
rag,iot-v2-023,3,Recon,NOTIFY_OPERATOR,Route to human review because the detector escalated despite low confidence and no validated device identifier.,AE-077,generally_supported,"The excerpts support continuous monitoring for anomalies and adversarial events, which can justify human review in general, but they do not explicitly support operator notification."
shuffled_rag,iot-v2-017,2,Mirai,RESTRICT_EGRESS,Contain likely botnet-like outbound activity while minimizing disruption to unrelated traffic.,AE-078,generally_supported,"The excerpts support monitoring networks for anomalies and unauthorized activity, which aligns with the security objective behind restricting egress, but they do not explicitly recommend egress restriction."
rag,iot-v2-016,2,DDoS,INCREASE_LOGGING,Capture higher-fidelity telemetry to confirm whether the observed high-rate pattern is sustained and externally directed.,AE-079,unsupported,"The excerpts support DDoS/flooding as a threat, but not increasing logging to confirm it."
shuffled_rag,iot-v2-007,1,BruteForce,INCREASE_LOGGING,Collect more evidence to distinguish brute-force behavior from normal retransmissions or bursty client activity.,AE-080,unsupported,"The excerpts address denial-of-service resistance and cookies, not increasing logging for brute-force detection."
rag,iot-v2-023,1,Recon,INCREASE_LOGGING,Improve visibility for a low-confidence alert and preserve evidence for review.,AE-081,generally_supported,"The evidence supports continuous monitoring for anomalies and adverse events, but it does not explicitly support increasing logging or evidence preservation."
rag,iot-v2-024,3,Spoofing,NOTIFY_OPERATOR,Human review is appropriate given the high-confidence alert and the inability to tie the flow to a specific device.,AE-082,unsupported,"The cited material supports authentication and access restriction, not human notification."
shuffled_rag,iot-v2-021,2,Recon,CAPTURE_TRAFFIC,Packet or flow capture can validate whether the profile reflects reconnaissance versus benign connection churn.,AE-083,unsupported,"The cited excerpts are about authentication and interface access control, not capturing traffic for validation of connection behavior."
rag,iot-v2-005,1,BruteForce,INCREASE_LOGGING,Collect additional evidence for suspected repeated authentication attempts and support validation without assuming device identity.,AE-084,unsupported,"The evidence discusses authentication changes and threshold controls for failed attempts, but not increasing logging."
rag,iot-v2-003,2,Benign,CAPTURE_TRAFFIC,Preserve packet/flow evidence for offline review and validation of the benign prediction.,AE-085,unsupported,The cited continuous monitoring and event-identification excerpts do not explicitly support capturing traffic packets/flows.
shuffled_rag,iot-v2-020,3,Spoofing,NOTIFY_OPERATOR,Human review is appropriate because confidence is below threshold and no device identity is validated.,AE-086,unsupported,"The ETSI excerpts concern input validation and prevention of manipulations, not operator notification."
rag,iot-v2-022,3,Recon,NOTIFY_OPERATOR,High-confidence recon alert without device identity warrants human review and containment decisioning.,AE-087,generally_supported,"The excerpts support monitoring for anomalies and adverse events and concern recon-like threats, but they do not explicitly support notifying an operator."
shuffled_rag,iot-v2-005,3,BruteForce,NOTIFY_OPERATOR,Human review is appropriate for a likely authentication or access-abuse pattern.,AE-088,unsupported,"The excerpts are about general DoS threats and response mechanisms, not notifying an operator about brute-force behavior."
rag,iot-v2-019,3,Mirai,NOTIFY_OPERATOR,Escalation is appropriate given the detector routing decision and uncertainty.,AE-089,unsupported,"The cited excerpts concern interface restriction and malicious code protection, not notifying an operator."
rag,iot-v2-016,1,DDoS,RESTRICT_EGRESS,Limit potential flood propagation while preserving gateway control and reducing collateral exposure.,AE-090,unsupported,"The excerpts discuss DDoS risk and flooding, but do not support restricting egress specifically."
shuffled_rag,iot-v2-022,2,Recon,CAPTURE_TRAFFIC,Collect packet evidence to validate the recon hypothesis and identify repeated targets or patterns.,AE-091,unsupported,"The cited material does not mention packet capture, traffic collection, or preserving flow evidence."
shuffled_rag,iot-v2-010,3,DDoS,NOTIFY_OPERATOR,Human review is appropriate because the alert is high-confidence but lacks a validated device identifier.,AE-092,unsupported,"The excerpts support detection and defense against resource exhaustion/DoS, but not notifying an operator."
rag,iot-v2-021,2,Recon,CAPTURE_TRAFFIC,"Packet capture can confirm whether the traffic is probing, scanning, or otherwise enumerating services without assuming device identity.",AE-093,generally_supported,"The excerpts support monitoring network assets for unauthorized or anomalous activity, which is consistent with validating recon via traffic analysis, but they do not directly support packet capture."
rag,iot-v2-027,3,Spoofing,NOTIFY_OPERATOR,Human review is appropriate given low confidence and the potential impact of false-positive containment.,AE-094,generally_supported,"RFC 8520 and NIST excerpts support network access control and authentication, which fit a spoofing-related concern, but they do not directly support notifying an operator."
shuffled_rag,iot-v2-008,3,Benign,NOTIFY_OPERATOR,Provide human awareness without assuming device identity or taking disruptive action.,AE-095,unsupported,"The excerpts address authentication and confidentiality, not informing an operator."
shuffled_rag,iot-v2-009,3,DDoS,NOTIFY_OPERATOR,Human review is appropriate because this is mitigation intent only and device identity is not validated.,AE-096,unsupported,"The excerpts support DoS resistance and detection, but not operator notification for mitigation intent."
rag,iot-v2-011,2,DDoS,CAPTURE_TRAFFIC,Preserve traffic for analysis to confirm or refute flood behavior before disruptive mitigation.,AE-097,unsupported,"The excerpts discuss DDoS and flooding, but do not support traffic capture or preserving packets for analysis."
shuffled_rag,iot-v2-007,3,BruteForce,NOTIFY_OPERATOR,Human review is needed before any restrictive action due to low model confidence and limited device attribution.,AE-098,unsupported,"The evidence supports DoS resistance and failed-attempt thresholds, but not the specific action of notifying an operator."
shuffled_rag,iot-v2-017,1,Mirai,CAPTURE_TRAFFIC,"Collect packet evidence to confirm the traffic pattern and support triage, especially given the lack of a validated device identifier.",AE-099,unsupported,"The evidence supports continuous monitoring of networks and services, but not capturing traffic."
rag,iot-v2-016,3,DDoS,NOTIFY_OPERATOR,Human review is appropriate because the alert is high-confidence but lacks a validated device identifier.,AE-100,unsupported,"The excerpts support DDoS awareness and resistance, but not notifying an operator based on missing device identity."
rag,iot-v2-001,1,Benign,MONITOR,Aligned with the detector routing decision and the high-confidence benign classification; maintains oversight without disruption.,AE-101,directly_supported,"The excerpts explicitly call for continuous monitoring of assets to find anomalies and deviations from expected activity, directly supporting MONITOR."
rag,iot-v2-030,3,Web,NOTIFY_OPERATOR,Human review is appropriate because the alert is flow-based and execution is not permitted.,AE-102,unsupported,"The cited excerpts support validating unexpected data input over application or network interfaces, not notifying an operator."
rag,iot-v2-030,1,Web,INCREASE_LOGGING,Collect additional evidence for the observed web flow pattern and any unexpected request characteristics.,AE-103,unsupported,The evidence is about input validation and protocol standards; it does not support increasing logging or telemetry.
shuffled_rag,iot-v2-026,3,Spoofing,NOTIFY_OPERATOR,Human review is warranted because the alert is high-confidence but device identity is unvalidated and execution is forbidden.,AE-104,unsupported,"The excerpts are about validating inputs and preventing execution of unexpected code, not notifying an operator."
shuffled_rag,iot-v2-010,2,DDoS,INCREASE_LOGGING,Collect more evidence on source patterns and persistence before stronger containment.,AE-105,unsupported,"The excerpts mention detection of attacks and vulnerability reporting, but not increasing logging or source-pattern collection."
shuffled_rag,iot-v2-022,1,Recon,INCREASE_LOGGING,"Increase visibility to confirm whether the behavior is scanning, probing, or transient legitimate traffic.",AE-106,unsupported,"The evidence discusses authentication and access restrictions, not increasing logging to distinguish scanning or probing from legitimate traffic."
shuffled_rag,iot-v2-006,3,BruteForce,NOTIFY_OPERATOR,"This is a likely active attack pattern, and human review is appropriate before stronger containment.",AE-107,unsupported,"The cited excerpts describe flooding, DDoS, and resource exhaustion, not operator notification for a brute-force case."
rag,iot-v2-001,2,Benign,INCREASE_LOGGING,Improves visibility into whether this flow remains routine or develops anomalous characteristics.,AE-108,unsupported,"The excerpts support continuous monitoring and monitoring tools, but not the specific action of increasing logging."
rag,iot-v2-003,3,Benign,NOTIFY_OPERATOR,"Human review is appropriate because the alert is escalated despite a benign, low-confidence classification.",AE-109,generally_supported,"The excerpts support continuous monitoring and authorized access to cybersecurity state, which supports human review/awareness, but they do not explicitly justify operator notification."
shuffled_rag,iot-v2-024,2,Spoofing,CAPTURE_TRAFFIC,Preserve packet evidence for offline analysis of session characteristics and potential identity or header anomalies.,AE-110,unsupported,"The ETSI excerpts are about input validation, not packet/flow capture for analyzing session or header anomalies."
rag,iot-v2-024,1,Spoofing,INCREASE_LOGGING,Collect additional evidence to confirm whether the traffic is spoofed and to preserve an audit trail.,AE-111,generally_supported,"The excerpts support authentication and access control, which are relevant to spoofing investigation, but not specifically increasing logging."
rag,iot-v2-009,1,DDoS,RATE_LIMIT,Reduce the impact of apparent flooding while preserving visibility into the traffic pattern.,AE-112,unsupported,"The excerpts support flooding/DDoS as a threat, but do not support rate limiting."
rag,iot-v2-020,2,Spoofing,CAPTURE_TRAFFIC,Capture traffic to confirm whether the observed profile reflects spoofing or benign service behavior.,AE-113,unsupported,"The cited NIST excerpts concern authentication and access restriction, not capturing traffic."
rag,iot-v2-028,3,Benign,NOTIFY_OPERATOR,Operator awareness is appropriate because the alert is intent-only and device identity is unvalidated.,AE-114,generally_supported,"The excerpts support continuous monitoring and access to cybersecurity state by authorized entities, which is consistent with operator awareness, but not explicit operator notification."
rag,iot-v2-026,3,Spoofing,NOTIFY_OPERATOR,Human review is warranted because device identity is unvalidated and the action is mitigation intent only.,AE-115,generally_supported,"The evidence supports requiring authentication and limiting access to authorized entities, which is compatible with operator review of spoofing concerns, but it does not directly support notification."
shuffled_rag,iot-v2-023,3,Recon,NOTIFY_OPERATOR,"Human review is appropriate due to uncertainty, limited feature fidelity, and the routing decision to escalate.",AE-116,unsupported,"The RFC and NIST excerpts support ACLs, authentication, and interface restriction, not notifying an operator for human review."
shuffled_rag,iot-v2-011,2,DDoS,CAPTURE_TRAFFIC,Preserve packet/flow evidence for offline review given low confidence and lack of device identity.,AE-117,unsupported,"The excerpts support defense against resource-exhaustion attacks, but not capturing traffic for offline review."
shuffled_rag,iot-v2-019,3,Mirai,NOTIFY_OPERATOR,Human review is required due to low confidence and the inability to confirm a device identity.,AE-118,unsupported,"The excerpts support continuous monitoring and anomaly detection, but not the action of notifying an operator."
shuffled_rag,iot-v2-025,1,Spoofing,INCREASE_LOGGING,"Capture additional telemetry to confirm whether the flow profile reflects spoofing or a benign burst, without assuming device identity.",AE-119,unsupported,"The ETSI excerpts discuss validating unexpected data on interfaces, not collecting additional telemetry or audit trail data."
shuffled_rag,iot-v2-020,2,Spoofing,CAPTURE_TRAFFIC,Packet/flow capture can help verify whether the observed pattern reflects spoofing or benign bursty traffic.,AE-120,unsupported,The cited ETSI text does not support packet or flow capture; it concerns input validation.
shuffled_rag,iot-v2-005,1,BruteForce,RATE_LIMIT,Reduce the impact of repeated high-rate attempts while preserving observability.,AE-121,generally_supported,"The excerpts support delaying or limiting additional authentication attempts after too many failures, which is related to rate limiting, but they do not explicitly describe rate limiting itself."
shuffled_rag,iot-v2-028,2,Benign,INCREASE_LOGGING,Collect additional evidence because the alert is intent-only and lacks a validated device identifier.,AE-122,unsupported,"The cited excerpts discuss authentication and interface restriction, not increasing logging."
shuffled_rag,iot-v2-027,2,Spoofing,CAPTURE_TRAFFIC,Preserve traffic evidence to confirm or refute spoofing characteristics.,AE-123,unsupported,"The ETSI excerpts are about validating data input, not preserving traffic evidence."
shuffled_rag,iot-v2-003,3,Benign,NOTIFY_OPERATOR,Human review is appropriate because the alert is uncertain and mitigation should remain bounded.,AE-124,unsupported,"The excerpts concern authentication changes and confidentiality, not notifying an operator."
shuffled_rag,iot-v2-017,3,Mirai,NOTIFY_OPERATOR,Human review is appropriate because the alert is strong but still profile-based and not tied to a validated device identity.,AE-125,unsupported,"The cited material supports monitoring for anomalies and unauthorized activity, but not operator notification."
shuffled_rag,iot-v2-027,1,Spoofing,INCREASE_LOGGING,Increase visibility on the suspicious profile to collect more evidence before containment.,AE-126,unsupported,"The cited excerpts do not mention visibility, telemetry, or logging; they address input validation."
shuffled_rag,iot-v2-001,2,Benign,INCREASE_LOGGING,"Collect additional evidence while preserving service, since the alert lacks device identity and execution is not permitted.",AE-127,unsupported,"The excerpts address authentication and interface restriction, not increasing logging."
rag,iot-v2-028,2,Benign,INCREASE_LOGGING,Provides additional evidence if the benign classification later changes or anomalies emerge.,AE-128,directly_supported,"The excerpts explicitly support continuous monitoring for unauthorized activity and deviations from expected activity, which directly supports MONITOR."
rag,iot-v2-024,2,Spoofing,CAPTURE_TRAFFIC,Preserve packet/flow samples for offline analysis because the current features are insufficient to validate identity or intent.,AE-129,generally_supported,"The NIST excerpts support authentication and restricting access to interfaces, which is related to spoofing analysis, but they do not directly justify capturing traffic."
rag,iot-v2-010,3,DDoS,NOTIFY_OPERATOR,Human review is appropriate because the alert is high-confidence but device identity is not validated.,AE-130,unsupported,"The excerpts support DDoS as a threat, but do not support notifying an operator because device identity is unvalidated."
rag,iot-v2-025,2,Spoofing,CAPTURE_TRAFFIC,Collect packet evidence for offline validation of spoofing indicators and to distinguish benign TLS activity from impersonation or replay behavior.,AE-131,generally_supported,"The excerpts support authentication/identification and hidden authentication information, which is relevant to spoofing concerns, but not specific packet capture."
rag,iot-v2-014,3,DoS,NOTIFY_OPERATOR,High-confidence alert with no validated device identity warrants human review before stronger containment is applied.,AE-132,unsupported,"The cited material supports detecting and defending against DoS/resource exhaustion and managing vulnerabilities, not notifying an operator due to lack of device identity."
shuffled_rag,iot-v2-002,2,Benign,INCREASE_LOGGING,Collect more context to confirm the benign classification and support later review.,AE-133,unsupported,"The cited excerpts are about authentication mechanisms and access control, not collecting more context through logging."
shuffled_rag,iot-v2-028,3,Benign,NOTIFY_OPERATOR,Ensure human awareness without disrupting service.,AE-134,unsupported,"The excerpts concern authentication and confidentiality, not ensuring human awareness or notifying an operator."
shuffled_rag,iot-v2-028,1,Benign,MONITOR,Preserve availability while confirming the flow remains consistent with normal encrypted traffic.,AE-135,unsupported,"The excerpts are about authentication-related confidentiality and interface access control, not monitoring traffic."
rag,iot-v2-008,2,Benign,INCREASE_LOGGING,Collect additional context because the alert is mitigation intent only and device identity is not validated.,AE-136,unsupported,"The evidence supports continuous monitoring and event identification/monitoring, but not increasing logging."
shuffled_rag,iot-v2-004,2,Spoofing,INCREASE_LOGGING,Improve visibility into whether the traffic is originating from a legitimate endpoint or a spoofed source.,AE-137,unsupported,The ETSI excerpts address input validation rather than improving visibility into source or spoofed traffic.
shuffled_rag,iot-v2-013,1,DoS,RATE_LIMIT,Reduce impact from the high-rate UDP-dominant flow while preserving visibility for analysis.,AE-138,unsupported,"The evidence supports access restriction and DoS defense, but it does not justify rate limiting high-rate UDP traffic."
rag,iot-v2-013,2,DoS,CAPTURE_TRAFFIC,Collect evidence to confirm whether the traffic is flood-like and to support downstream analysis.,AE-139,unsupported,"The excerpts discuss DoS/resource-exhaustion attacks and countermeasures, but not packet capture for confirmation or analysis."
shuffled_rag,iot-v2-016,1,DDoS,RATE_LIMIT,Reduce impact of a likely volumetric flood while preserving bounded gateway operation.,AE-140,unsupported,"The excerpts support DoS resistance and attack detection, but not rate limiting as a mitigation."
shuffled_rag,iot-v2-014,3,DoS,NOTIFY_OPERATOR,Human review is appropriate because mitigation is intent-only and the device cannot be identified from the supplied features.,AE-141,unsupported,The cited passages do not support human review based on low confidence or absent device identity; they are about access control and device capabilities.
shuffled_rag,iot-v2-018,1,Mirai,CAPTURE_TRAFFIC,"Collect packet evidence to confirm whether the flow is scanning, flooding, or using a nonstandard protocol before disruptive containment.",AE-142,unsupported,"The excerpts support continuous monitoring of network assets, but not capturing traffic specifically."
rag,iot-v2-009,3,DDoS,NOTIFY_OPERATOR,Escalate for human review because the alert is high-confidence but device identity is unavailable.,AE-143,unsupported,"The excerpts discuss DDoS and flooding, but do not support operator escalation when device identity is unavailable."
rag,iot-v2-018,3,Mirai,NOTIFY_OPERATOR,Human review is warranted because the alert is high-confidence but device identity is unvalidated and execution is not permitted.,AE-144,unsupported,"The evidence discusses restricting interfaces, access, and malicious code protection; it does not support notifying an operator."
shuffled_rag,iot-v2-015,1,DoS,CAPTURE_TRAFFIC,Collect packet-level evidence to confirm whether the elevated rate reflects abusive flooding or benign churn.,AE-145,unsupported,The evidence does not mention packet capture or using it to distinguish abusive flooding from benign churn.
rag,iot-v2-002,3,Benign,NOTIFY_OPERATOR,Keeps a human informed in case the profile becomes suspicious or requires a policy decision.,AE-146,generally_supported,"The excerpts support continuous monitoring and support for event identification/monitoring tools, which supports keeping a human informed, but they do not explicitly call for notifying an operator."
rag,iot-v2-032,1,Spoofing,RESTRICT_EGRESS,Limit potential unauthorized communication while preserving bounded operation.,AE-147,generally_supported,"The excerpts support disabling unnecessary interfaces and restricting access to authorized entities, which aligns with limiting unauthorized communication, but not specifically restricting egress."
rag,iot-v2-015,2,DoS,INCREASE_LOGGING,"Collect more evidence on connection patterns, protocol mix, and burst behavior to validate whether this is resource-exhaustion activity.",AE-148,unsupported,"The excerpts support detecting and defending against resource exhaustion/DoS, but not increasing logging to validate connection patterns or protocol mix."
rag,iot-v2-028,1,Benign,MONITOR,Matches the routing decision and NIST guidance to continuously monitor for deviations from expected activity.,AE-149,directly_supported,"The excerpt explicitly states assets are monitored for deviations from expected activity and other adverse events, directly supporting MONITOR."
shuffled_rag,iot-v2-015,3,DoS,NOTIFY_OPERATOR,Human review is appropriate because confidence is well below threshold and no validated device identifier is available.,AE-150,unsupported,The cited material does not support notifying an operator because confidence is below threshold or identity is unavailable.
rag,iot-v2-025,3,Spoofing,NOTIFY_OPERATOR,Human review is appropriate because the alert is high confidence but lacks a validated device identifier and is mitigation intent only.,AE-151,generally_supported,"The evidence supports authentication and access control, which are relevant to spoofing-related human review, but it does not directly support notifying an operator."
rag,iot-v2-032,3,Spoofing,NOTIFY_OPERATOR,Human review is appropriate because no validated device identifier is available and mitigation is intent-only.,AE-152,generally_supported,"The cited NIST excerpts support authentication and authorized access restrictions, which are related to spoofing concerns, but not specifically operator notification."
rag,iot-v2-021,3,Recon,NOTIFY_OPERATOR,Operator awareness is appropriate because the alert is high-confidence but mitigation remains intent-only and device identity is unverified.,AE-153,generally_supported,"The evidence supports continuous monitoring for anomalies and adverse events, which is consistent with escalating a suspicious recon alert to an operator, but it does not explicitly require notification."
shuffled_rag,iot-v2-021,3,Recon,NOTIFY_OPERATOR,Human review is needed because the alert is strong but not tied to a validated device identity.,AE-154,unsupported,"The excerpts focus on authentication and access control capabilities, not operator notification or human review."
shuffled_rag,iot-v2-031,2,Web,CAPTURE_TRAFFIC,"Collect supporting evidence for protocol, destination, and session characterization before any disruptive action.",AE-155,generally_supported,"The excerpts support continuous monitoring and event identification/monitoring, which are compatible with traffic capture for analysis, but they do not directly mention capturing traffic."
shuffled_rag,iot-v2-004,3,Spoofing,NOTIFY_OPERATOR,Human review is needed because the alert cannot attribute the behavior to a specific device.,AE-156,unsupported,The ETSI input-validation excerpts do not support notifying an operator about spoofing.
shuffled_rag,iot-v2-026,2,Spoofing,CAPTURE_TRAFFIC,"Preserve packet evidence for validation of source, protocol, and session anomalies associated with spoofing.",AE-157,unsupported,"The excerpts concern input validation, not preserving traffic evidence for spoofing analysis."
rag,iot-v2-005,2,BruteForce,CAPTURE_TRAFFIC,Preserve packet-level evidence to confirm brute-force behavior and distinguish it from benign retries or scanning.,AE-158,unsupported,"The evidence concerns authentication value management and failed-attempt thresholds, not capturing traffic."
shuffled_rag,iot-v2-006,2,BruteForce,CAPTURE_TRAFFIC,Collect packet evidence to confirm brute-force patterns and support later investigation.,AE-159,unsupported,"The RFC excerpts discuss DoS/DDoS and cookie mechanisms, not packet capture for brute-force investigation."
rag,iot-v2-015,3,DoS,CAPTURE_TRAFFIC,Packet capture can help confirm whether the observed rate and SYN activity reflect a DoS pattern or benign traffic burst.,AE-160,unsupported,"The excerpts support DoS detection/defense, but not packet capture to confirm volumetric or spoofed traffic."
shuffled_rag,iot-v2-031,1,Web,INCREASE_LOGGING,Increase telemetry to improve visibility into the anomalous flow profile and support validation of the low-confidence prediction.,AE-161,generally_supported,"The cited material supports continuous monitoring and device event identification/monitoring, which justifies improved visibility, but it does not explicitly support increasing logging."
shuffled_rag,iot-v2-008,2,Benign,INCREASE_LOGGING,Collect additional evidence to confirm benign behavior while respecting the lack of validated device identity.,AE-162,unsupported,"The excerpts are about authentication values, confidentiality, and access restriction, not increasing logging."
rag,iot-v2-006,3,BruteForce,NOTIFY_OPERATOR,Human review is appropriate given the likely credential attack and lack of validated device identity.,AE-163,unsupported,"The evidence is about authentication management and thresholds for failed attempts, not operator notification."
shuffled_rag,iot-v2-003,1,Benign,INCREASE_LOGGING,Low-confidence alert with escalation routing warrants more telemetry to support validation.,AE-164,unsupported,"The excerpts discuss authentication and access restriction, not adding telemetry or logging."
shuffled_rag,iot-v2-024,3,Spoofing,NOTIFY_OPERATOR,Human review is warranted due to high-confidence spoofing signal and absence of a validated device identifier.,AE-165,unsupported,"The cited ETSI text is about data validation, not operator notification for spoofing."
shuffled_rag,iot-v2-002,3,Benign,NOTIFY_OPERATOR,Provide human oversight because the alert is mitigation intent only and cannot execute actions.,AE-166,unsupported,The cited excerpts do not support notifying an operator; they concern authentication and access control.
rag,iot-v2-006,1,BruteForce,CAPTURE_TRAFFIC,Collect packet-level evidence to confirm brute-force characteristics and identify the target service without assuming a device identity.,AE-167,unsupported,The excerpts do not mention traffic capture or evidence collection; they only discuss authentication and access controls.
rag,iot-v2-013,1,DoS,RATE_LIMIT,Reduce impact from sustained high-rate traffic while preserving some visibility into the flow.,AE-168,unsupported,"The evidence supports DoS countermeasures and access restriction, but not rate limiting sustained high-rate traffic."
shuffled_rag,iot-v2-020,1,Spoofing,INCREASE_LOGGING,Low-to-moderate confidence spoofing alert warrants richer telemetry before containment.,AE-169,unsupported,The excerpts do not address logging or telemetry; they focus on input validation and preventing manipulation.
shuffled_rag,iot-v2-013,2,DoS,CAPTURE_TRAFFIC,"Collect packet evidence to confirm whether the traffic is volumetric, spoofed, or part of a legitimate burst.",AE-170,unsupported,"The cited passages do not support capturing traffic to distinguish volumetric, spoofed, or legitimate bursts."
rag,iot-v2-031,1,Web,INCREASE_LOGGING,Improve visibility for an under-threshold alert without disrupting service.,AE-171,unsupported,"The evidence is about validating unexpected input at application/network interfaces, not about increasing logging."
rag,iot-v2-013,3,DoS,NOTIFY_OPERATOR,Operator awareness is warranted because the detector confidence is above threshold and the gateway cannot validate a device identity.,AE-172,unsupported,"The excerpts discuss DoS risk and detection/defense, but not notifying an operator due to confidence or identity validation concerns."
shuffled_rag,iot-v2-009,2,DDoS,INCREASE_LOGGING,Collect evidence to confirm whether the burst is malicious and assess spread.,AE-173,unsupported,"The excerpts support DoS resistance and detection, but not increasing logging to confirm spread or maliciousness."
rag,iot-v2-014,2,DoS,CAPTURE_TRAFFIC,"Collect packet evidence for offline validation of DoS characteristics and to distinguish scanning, flooding, or malformed-traffic patterns.",AE-174,unsupported,"The evidence covers DoS/resource exhaustion and cookie-based defenses, not packet capture for offline validation or distinguishing traffic patterns."
rag,iot-v2-009,2,DDoS,CAPTURE_TRAFFIC,Collect evidence to confirm the flood characteristics and support operator review.,AE-175,unsupported,"The excerpts support DDoS/flooding as a threat, but not capturing traffic to confirm it."
shuffled_rag,iot-v2-011,3,DDoS,NOTIFY_OPERATOR,Escalation is appropriate because the model is under threshold and mitigation should remain bounded until confirmed.,AE-176,unsupported,"The excerpts support detection and defense against DoS/resource exhaustion, but not notifying an operator because the model is under threshold."
shuffled_rag,iot-v2-005,2,BruteForce,INCREASE_LOGGING,Collect additional evidence because device identity is not validated and mitigation intent is offline-only.,AE-177,unsupported,"The RFC excerpts relate to DoS resistance and delayed state establishment, not increasing logging."
rag,iot-v2-031,3,Web,NOTIFY_OPERATOR,Human review is appropriate given the low confidence and lack of a validated device identifier.,AE-178,unsupported,"The excerpts support input validation against malformed or unexpected data, but they do not support notifying an operator."
shuffled_rag,iot-v2-019,2,Mirai,CAPTURE_TRAFFIC,Preserve packet evidence for offline review and family validation before any disruptive action.,AE-179,unsupported,"The excerpts support continuous monitoring for anomalies, but do not support the specific action of capturing traffic."
rag,iot-v2-002,2,Benign,INCREASE_LOGGING,Provides additional evidence if the traffic pattern changes while avoiding unnecessary disruption.,AE-180,unsupported,"The excerpts support continuous monitoring and event identification, but not the specific action of increasing logging."
