audit_id,case_id,condition
EVID-0001,ieee-access-0008,rag
EVID-0002,ieee-access-0085,rag
EVID-0003,ieee-access-0051,rag
EVID-0004,ieee-access-0002,rag
EVID-0005,ieee-access-0046,rag
EVID-0006,ieee-access-0105,rag
EVID-0007,ieee-access-0148,rag
EVID-0008,ieee-access-0114,rag
EVID-0009,ieee-access-0157,rag
EVID-0010,ieee-access-0111,rag
EVID-0011,ieee-access-0129,rag
EVID-0012,ieee-access-0063,rag
EVID-0013,ieee-access-0159,rag
EVID-0014,ieee-access-0081,rag
EVID-0015,ieee-access-0147,rag
EVID-0016,ieee-access-0107,rag
EVID-0017,ieee-access-0151,rag
EVID-0018,ieee-access-0071,rag
EVID-0019,ieee-access-0074,rag
EVID-0020,ieee-access-0091,rag
EVID-0021,ieee-access-0006,rag
EVID-0022,ieee-access-0020,rag
EVID-0023,ieee-access-0077,rag
EVID-0024,ieee-access-0019,rag
EVID-0025,ieee-access-0061,rag
EVID-0026,ieee-access-0128,rag
EVID-0027,ieee-access-0113,rag
EVID-0028,ieee-access-0015,rag
EVID-0029,ieee-access-0133,rag
EVID-0030,ieee-access-0023,rag
EVID-0031,ieee-access-0044,rag
EVID-0032,ieee-access-0054,rag
EVID-0033,ieee-access-0090,rag
EVID-0034,ieee-access-0120,rag
EVID-0035,ieee-access-0093,rag
EVID-0036,ieee-access-0119,rag
EVID-0037,ieee-access-0150,rag
EVID-0038,ieee-access-0030,rag
EVID-0039,ieee-access-0030,rag
EVID-0040,ieee-access-0002,rag
EVID-0041,ieee-access-0075,rag
EVID-0042,ieee-access-0146,rag
EVID-0043,ieee-access-0034,rag
EVID-0044,ieee-access-0068,rag
EVID-0045,ieee-access-0041,rag
EVID-0046,ieee-access-0035,rag
EVID-0047,ieee-access-0005,rag
EVID-0048,ieee-access-0003,rag
EVID-0049,ieee-access-0057,rag
EVID-0050,ieee-access-0033,rag
EVID-0051,ieee-access-0066,rag
EVID-0052,ieee-access-0154,rag
EVID-0053,ieee-access-0005,rag
EVID-0054,ieee-access-0091,rag
EVID-0055,ieee-access-0009,rag
EVID-0056,ieee-access-0094,rag
EVID-0057,ieee-access-0151,rag
EVID-0058,ieee-access-0101,rag
EVID-0059,ieee-access-0040,rag
EVID-0060,ieee-access-0124,rag
EVID-0061,ieee-access-0009,rag
EVID-0062,ieee-access-0014,rag
EVID-0063,ieee-access-0058,rag
EVID-0064,ieee-access-0043,rag
EVID-0065,ieee-access-0022,mismatched_rag
EVID-0066,ieee-access-0123,mismatched_rag
EVID-0067,ieee-access-0112,mismatched_rag
EVID-0068,ieee-access-0115,mismatched_rag
EVID-0069,ieee-access-0134,mismatched_rag
EVID-0070,ieee-access-0015,mismatched_rag
EVID-0071,ieee-access-0092,mismatched_rag
EVID-0072,ieee-access-0041,mismatched_rag
EVID-0073,ieee-access-0121,mismatched_rag
EVID-0074,ieee-access-0102,mismatched_rag
EVID-0075,ieee-access-0113,mismatched_rag
EVID-0076,ieee-access-0136,mismatched_rag
EVID-0077,ieee-access-0007,mismatched_rag
EVID-0078,ieee-access-0027,mismatched_rag
EVID-0079,ieee-access-0020,mismatched_rag
EVID-0080,ieee-access-0057,mismatched_rag
EVID-0081,ieee-access-0117,mismatched_rag
EVID-0082,ieee-access-0026,mismatched_rag
EVID-0083,ieee-access-0111,mismatched_rag
EVID-0084,ieee-access-0091,mismatched_rag
EVID-0085,ieee-access-0008,mismatched_rag
EVID-0086,ieee-access-0114,mismatched_rag
EVID-0087,ieee-access-0069,mismatched_rag
EVID-0088,ieee-access-0022,mismatched_rag
EVID-0089,ieee-access-0006,mismatched_rag
EVID-0090,ieee-access-0144,mismatched_rag
EVID-0091,ieee-access-0085,mismatched_rag
EVID-0092,ieee-access-0093,mismatched_rag
EVID-0093,ieee-access-0146,mismatched_rag
EVID-0094,ieee-access-0084,mismatched_rag
EVID-0095,ieee-access-0081,mismatched_rag
EVID-0096,ieee-access-0033,mismatched_rag
EVID-0097,ieee-access-0100,mismatched_rag
EVID-0098,ieee-access-0004,mismatched_rag
EVID-0099,ieee-access-0056,mismatched_rag
EVID-0100,ieee-access-0160,mismatched_rag
EVID-0101,ieee-access-0149,mismatched_rag
EVID-0102,ieee-access-0042,mismatched_rag
EVID-0103,ieee-access-0071,mismatched_rag
EVID-0104,ieee-access-0050,mismatched_rag
EVID-0105,ieee-access-0058,mismatched_rag
EVID-0106,ieee-access-0123,mismatched_rag
EVID-0107,ieee-access-0101,mismatched_rag
EVID-0108,ieee-access-0127,mismatched_rag
EVID-0109,ieee-access-0094,mismatched_rag
EVID-0110,ieee-access-0145,mismatched_rag
EVID-0111,ieee-access-0019,mismatched_rag
EVID-0112,ieee-access-0053,mismatched_rag
EVID-0113,ieee-access-0120,mismatched_rag
EVID-0114,ieee-access-0087,mismatched_rag
EVID-0115,ieee-access-0012,mismatched_rag
EVID-0116,ieee-access-0098,mismatched_rag
EVID-0117,ieee-access-0013,mismatched_rag
EVID-0118,ieee-access-0039,mismatched_rag
EVID-0119,ieee-access-0096,mismatched_rag
EVID-0120,ieee-access-0150,mismatched_rag
EVID-0121,ieee-access-0144,mismatched_rag
EVID-0122,ieee-access-0034,mismatched_rag
EVID-0123,ieee-access-0036,mismatched_rag
EVID-0124,ieee-access-0112,mismatched_rag
EVID-0125,ieee-access-0026,mismatched_rag
EVID-0126,ieee-access-0074,mismatched_rag
EVID-0127,ieee-access-0134,mismatched_rag
EVID-0128,ieee-access-0070,mismatched_rag
